{"v":"5.7.5","fr":100,"ip":0,"op":100,"w":200,"h":200,"nm":"Comp 1","ddd":0,"assets":[],"layers":[{"ddd":0,"ind":0,"ty":3,"nm":"","sr":1,"ks":{"o":{"a":0,"k":100,"ix":2},"r":{"a":0,"k":0,"ix":2},"p":{"a":0,"k":[100,98.21427917480469],"ix":2},"a":{"a":0,"k":[40,50],"ix":2},"s":{"a":0,"k":[100,100],"ix":2}},"ao":0,"ip":0,"op":101,"st":0,"bm":0,"hd":false},{"ddd":0,"ind":1,"ty":3,"nm":"","sr":1,"ks":{"o":{"a":0,"k":100,"ix":2},"r":{"a":0,"k":0,"ix":2},"p":{"a":1,"k":[{"t":4,"s":[40,61],"i":{"x":[1],"y":[1]},"o":{"x":[0],"y":[0]},"ti":[0,0],"to":[0,2.5]},{"t":48,"s":[40,71],"i":{"x":[1],"y":[1]},"o":{"x":[0],"y":[0]},"ti":[0,2.5],"to":[0,0]},{"t":100,"s":[40,61],"i":{"x":[1],"y":[1]},"o":{"x":[0],"y":[0]}}],"ix":2},"a":{"a":0,"k":[0,13.5],"ix":2},"s":{"a":0,"k":[100,100],"ix":2}},"ao":0,"ip":0,"op":101,"st":0,"bm":0,"hd":false,"parent":0},{"ddd":0,"ind":2,"ty":3,"nm":"","sr":1,"ks":{"o":{"a":0,"k":100,"ix":2},"r":{"a":1,"k":[{"t":0,"s":[0],"i":{"x":[1],"y":[1]},"o":{"x":[0],"y":[0]}},{"t":26,"s":[10],"i":{"x":[1],"y":[1]},"o":{"x":[0],"y":[0]}},{"t":48,"s":[10],"i":{"x":[1],"y":[1]},"o":{"x":[0],"y":[0]}},{"t":96,"s":[0],"i":{"x":[1],"y":[1]},"o":{"x":[0],"y":[0]}}],"ix":2},"p":{"a":0,"k":[0,27],"ix":2},"a":{"a":0,"k":[0,27],"ix":2},"s":{"a":0,"k":[100,100],"ix":2}},"ao":0,"ip":0,"op":101,"st":0,"bm":0,"hd":false,"parent":1},{"ddd":0,"ind":3,"ty":4,"nm":"Icon","sr":1,"ks":{"o":{"a":0,"k":100,"ix":2},"r":{"a":0,"k":0,"ix":2},"p":{"a":0,"k":[0,0],"ix":2},"a":{"a":0,"k":[0,0],"ix":2},"s":{"a":0,"k":[100,100],"ix":2}},"ao":0,"hd":false,"parent":2,"shapes":[{"ty":"gr","hd":false,"it":[{"ty":"sh","hd":false,"d":1,"ks":{"a":0,"k":{"c":false,"v":[[0,13.5],[-6,7.5]],"i":[[0,0],[0,0]],"o":[[0,0],[0,0]]}}},{"ty":"st","c":{"a":0,"k":[1,1,1],"ix":2},"o":{"a":0,"k":100,"ix":2},"w":{"a":0,"k":3,"ix":2},"hd":false,"lc":2,"lj":2},{"ty":"tm","s":{"a":0,"k":0,"ix":2},"e":{"a":0,"k":100,"ix":2},"o":{"a":0,"k":0,"ix":2},"m":1,"hd":false},{"ty":"tr","hd":false,"p":{"a":0,"k":[0,0],"ix":2},"a":{"a":0,"k":[0,0],"ix":2},"s":{"a":0,"k":[200,200],"ix":2},"r":{"a":0,"k":0,"ix":2},"o":{"a":0,"k":100,"ix":2},"sk":{"a":0,"k":0,"ix":2},"sa":{"a":0,"k":0,"ix":2}}]}],"ip":0,"op":101,"st":0,"bm":0},{"ddd":0,"ind":4,"ty":3,"nm":"","sr":1,"ks":{"o":{"a":0,"k":100,"ix":2},"r":{"a":1,"k":[{"t":0,"s":[0],"i":{"x":[1],"y":[1]},"o":{"x":[0],"y":[0]}},{"t":26,"s":[-10],"i":{"x":[1],"y":[1]},"o":{"x":[0],"y":[0]}},{"t":48,"s":[-10],"i":{"x":[1],"y":[1]},"o":{"x":[0],"y":[0]}},{"t":96,"s":[0],"i":{"x":[1],"y":[1]},"o":{"x":[0],"y":[0]}}],"ix":2},"p":{"a":0,"k":[0,27],"ix":2},"a":{"a":0,"k":[0,27],"ix":2},"s":{"a":0,"k":[100,100],"ix":2}},"ao":0,"ip":0,"op":101,"st":0,"bm":0,"hd":false,"parent":1},{"ddd":0,"ind":5,"ty":4,"nm":"Icon","sr":1,"ks":{"o":{"a":0,"k":100,"ix":2},"r":{"a":0,"k":0,"ix":2},"p":{"a":0,"k":[0,0],"ix":2},"a":{"a":0,"k":[0,0],"ix":2},"s":{"a":0,"k":[100,100],"ix":2}},"ao":0,"hd":false,"parent":4,"shapes":[{"ty":"gr","hd":false,"it":[{"ty":"sh","hd":false,"d":1,"ks":{"a":0,"k":{"c":false,"v":[[6,7.5],[0,13.5]],"i":[[0,0],[0,0]],"o":[[0,0],[0,0]]}}},{"ty":"st","c":{"a":0,"k":[1,1,1],"ix":2},"o":{"a":0,"k":100,"ix":2},"w":{"a":0,"k":3,"ix":2},"hd":false,"lc":2,"lj":2},{"ty":"tm","s":{"a":0,"k":0,"ix":2},"e":{"a":0,"k":100,"ix":2},"o":{"a":0,"k":0,"ix":2},"m":1,"hd":false},{"ty":"tr","hd":false,"p":{"a":0,"k":[0,0],"ix":2},"a":{"a":0,"k":[0,0],"ix":2},"s":{"a":0,"k":[200,200],"ix":2},"r":{"a":0,"k":0,"ix":2},"o":{"a":0,"k":100,"ix":2},"sk":{"a":0,"k":0,"ix":2},"sa":{"a":0,"k":0,"ix":2}}]}],"ip":0,"op":101,"st":0,"bm":0},{"ddd":0,"ind":6,"ty":4,"nm":"Icon","sr":1,"ks":{"o":{"a":0,"k":100,"ix":2},"r":{"a":0,"k":0,"ix":2},"p":{"a":0,"k":[0,0],"ix":2},"a":{"a":0,"k":[0,0],"ix":2},"s":{"a":0,"k":[100,100],"ix":2}},"ao":0,"hd":false,"parent":1,"shapes":[{"ty":"gr","hd":false,"it":[{"ty":"sh","hd":false,"d":1,"ks":{"a":0,"k":{"c":false,"v":[[0,0],[0,13.5]],"i":[[0,0],[0,0]],"o":[[0,0],[0,0]]}}},{"ty":"st","c":{"a":0,"k":[1,1,1],"ix":2},"o":{"a":0,"k":100,"ix":2},"w":{"a":0,"k":3,"ix":2},"hd":false,"lc":2,"lj":2},{"ty":"tm","s":{"a":0,"k":0,"ix":2},"e":{"a":0,"k":100,"ix":2},"o":{"a":0,"k":0,"ix":2},"m":1,"hd":false},{"ty":"tr","hd":false,"p":{"a":0,"k":[0,0],"ix":2},"a":{"a":0,"k":[0,0],"ix":2},"s":{"a":0,"k":[200,200],"ix":2},"r":{"a":0,"k":0,"ix":2},"o":{"a":0,"k":100,"ix":2},"sk":{"a":0,"k":0,"ix":2},"sa":{"a":0,"k":0,"ix":2}}]}],"ip":0,"op":101,"st":0,"bm":0},{"ddd":0,"ind":7,"ty":4,"nm":"Icon","sr":1,"ks":{"o":{"a":0,"k":100,"ix":2},"r":{"a":0,"k":0,"ix":2},"p":{"a":0,"k":[0,0],"ix":2},"a":{"a":0,"k":[0,0],"ix":2},"s":{"a":0,"k":[100,100],"ix":2}},"ao":0,"hd":false,"parent":0,"shapes":[{"ty":"gr","hd":false,"it":[{"ty":"sh","hd":false,"d":1,"ks":{"a":0,"k":{"c":false,"v":[[-11.72,5.69],[-15,-2.25],[-3.75,-13.5],[5.949,-7.953],[6.75,-7.5],[15,0.75],[12,7.114]],"i":[[0,0],[0,3.099],[-6.213,0],[-1.956,-3.319],[-0.328,0],[0,-4.556],[1.832,-1.513]],"o":[[-2.027,-2.035],[0,-6.213],[4.132,0],[0.166,0.282],[4.556,0],[0,2.562],[0,0]]}}},{"ty":"st","c":{"a":0,"k":[1,1,1],"ix":2},"o":{"a":0,"k":100,"ix":2},"w":{"a":0,"k":3,"ix":2},"hd":false,"lc":2,"lj":2},{"ty":"tm","s":{"a":0,"k":0,"ix":2},"e":{"a":0,"k":100,"ix":2},"o":{"a":0,"k":0,"ix":2},"m":1,"hd":false},{"ty":"tr","hd":false,"p":{"a":0,"k":[40,47.5],"ix":2},"a":{"a":0,"k":[0,0],"ix":2},"s":{"a":0,"k":[200,200],"ix":2},"r":{"a":0,"k":0,"ix":2},"o":{"a":0,"k":100,"ix":2},"sk":{"a":0,"k":0,"ix":2},"sa":{"a":0,"k":0,"ix":2}}]}],"ip":0,"op":101,"st":0,"bm":0}],"markers":[]}